{
  "name": "lithium niobate",
  "rho": 4628,
  "C": [
    [ 1.98389999E+11, 6.62776537E+10, 5.35723462E+10, 6.98786203E+9 ,     0        ,     0        ],
    [ 6.62776537E+10, 1.86501399E+11, 8.04975982E+10, 6.20626650E+9 ,     0        ,     0        ],
    [ 5.35723462E+10, 8.04975982E+10, 2.09053403E+11, 6.14914520E+9 ,     0        ,     0        ],
    [ 6.98786203E+9 , 6.20626650E+9 , 6.14914520E+9 , 7.50175982E+10,     0        ,     0        ],
    [      0         ,       0       ,        0       ,        0      , 5.6603196E+10,-3.9605665E+9 ],
    [      0         ,       0       ,        0       ,        0      ,-3.9605665E+9 , 7.4881803E+10] 
  ],
  "e": [
    [      0         ,       0       ,        0       ,        0      , 4.3985387    , 0.35405823   ],
    [-1.726500591    , 4.53818203    ,-1.357131470    , 0.22996076    ,     0        ,      0       ],
    [ 1.722090504    ,-2.44648744    , 2.595542142    , 0.72342735    ,     0        ,      0       ]
  ],
  "epsr": [
    [ 45.6,     0,      0 ],
    [  0  , 38.33, -9.352 ],
    [  0  ,-9.352, 33.57  ]
  ],
  "symmetry": "trigonal"
}